"I'm not a sociopath","https://knowledge-fight.fandom.com/wiki/190:_August_6,_2018","190","August 8, 2018","August 6, 2018"
"Australian Alex: Crikey mate, that's fantastic, have yourself a brew","https://knowledge-fight.fandom.com/wiki/189:_February_19-20,_2009","189","August 6, 2018","February 19-20, 2009"
"Netflix is fullfilment of prophecy","https://knowledge-fight.fandom.com/wiki/184:_Godly_Particles_and_Illiteracy","184","July 25, 2018","Godly Particles and Illiteracy"
"Trump is Christlike","https://knowledge-fight.fandom.com/wiki/188:_August_1,_2018","188","August 3, 2018","August 1, 2018"
"Ball pean hammer to the head","https://knowledge-fight.fandom.com/wiki/186:_February_17-18,_2009","186","July 30, 2018","February 17-18, 2009"
"Did you hear Jones had a video taken down for using the n-word?","https://knowledge-fight.fandom.com/wiki/185:_July_27,_2018","185","July 28, 2018","July 27, 2018"
"Alex fingers soros","https://knowledge-fight.fandom.com/wiki/181:_August_16,_2016","181","July 16, 2018","August 16, 2016"
"So much of what we hear in Patriot mythology isn't true","https://knowledge-fight.fandom.com/wiki/173:_February_6-10,_2009","173","June 25, 2018","February 6-10, 2009"
"Jedi work is more than just killing","https://knowledge-fight.fandom.com/wiki/171:_Loosh_and_Let_Live","171","June 20, 2018","Loosh and Let Live"
"I am not a wolf or a sheep, I am a sheepdog","https://knowledge-fight.fandom.com/wiki/170:_Live_In_Austin","170","June 18, 2018","Live In Austin"
"boner noise*; We'll pee standing up, you can go to hell!","https://knowledge-fight.fandom.com/wiki/168:_Alex_Vs._Bill_Ayers","168","June 8, 2018","Alex Vs. Bill Ayers"
"I hate myself every minutes I'm on this show","https://knowledge-fight.fandom.com/wiki/172:_June_11,_2013","172","June 22, 2018","June 11, 2013"
"We dine on man flesh tonight!","https://knowledge-fight.fandom.com/wiki/167:_February_4-5,_2009","167","June 6, 2018","February 4-5, 2009"
"I'm just average intelligence; I have brain damage; I have a chemical lobotomy","https://knowledge-fight.fandom.com/wiki/166:_February_2-3,_2009","166","June 4, 2018","February 2-3, 2009"
"I'm crazy, so I can't go nuts","https://knowledge-fight.fandom.com/wiki/164:_May_25,_2018","164","May 28, 2018","May 25, 2018"
"You digging me?","https://knowledge-fight.fandom.com/wiki/163:_January_27-29,_2009","163","May 23, 2018","January 27-29, 2009"
"Is this a simulation? This is crazy","https://knowledge-fight.fandom.com/wiki/162:_May_19,_2018","162","May 21, 2018","May 19, 2018"
"We're about to turn your lights on baby!; You like that? Yes Dad.","https://knowledge-fight.fandom.com/wiki/161:_May_14,_2018","161","May 16, 2018","May 14, 2018"
"I've done cocaine twice","https://knowledge-fight.fandom.com/wiki/158:_January_21,_2009","158","May 7, 2018","January 21, 2009"
"He does have access to a TV","https://knowledge-fight.fandom.com/wiki/156:_Gaseous_Beings_and_Antiques","156","May 1, 2018","Gaseous Beings and Antiques"
"Those beautiful mammary glands","https://knowledge-fight.fandom.com/wiki/155:_January_7-9,_2009","155","April 27, 2018","January 7-9, 2009"
"Britains is under control of the Black Dragon Queen","https://knowledge-fight.fandom.com/wiki/153:_More_Mark_Richards_Fun","153","April 23, 2018","More Mark Richards Fun"
"Google is dead, use bing","https://knowledge-fight.fandom.com/wiki/149:_The_Press_Conference","149","April 13, 2018","The Press Conference"
"Trump, you make me sick","https://knowledge-fight.fandom.com/wiki/150:_Alex_Jones_Attempts_A_Face_Turn","150","April 14, 2018","Alex Jones Attempts A Face Turn"
"What is he, a fag?","https://knowledge-fight.fandom.com/wiki/145:_April_2,_2018","145","April 4, 2018","April 2, 2018"
"Bernie Impression","https://knowledge-fight.fandom.com/wiki/142:_March_23,_2018","142","March 26, 2018","March 23, 2018"
"I can't do this any more","https://knowledge-fight.fandom.com/wiki/139:_St._Patrick%27s_Day_Special_Report","139","March 19, 2018","St. Patrick's Day Special Report"
"I have barely plugged today or any other day","https://knowledge-fight.fandom.com/wiki/137:_March_12,_2018","137","March 13, 2018","March 12, 2018"
"I personally *sigh* feel very very strong","https://knowledge-fight.fandom.com/wiki/138:_March_13-15,_2018","138","March 16, 2018","March 13-15, 2018"
"I'm exhausted because I feel so good","https://knowledge-fight.fandom.com/wiki/133:_Operation_Paul_Revere","133","March 5, 2018","Operation Paul Revere"
"If the Bible is sci-fi, why does it keep coming true?","https://knowledge-fight.fandom.com/wiki/128:_March_3,_2015","128","February 12, 2018","March 3, 2015"
"We're not lying!","https://knowledge-fight.fandom.com/wiki/127:_February_8,_2018","127","February 9, 2018","February 8, 2018"
"Fuck you!","https://knowledge-fight.fandom.com/wiki/126:_February_2,_2018_(Special_Report)","126","February 5, 2018","February 2, 2018 (Special Report)"
"It's really easy to blow up a planet","https://knowledge-fight.fandom.com/wiki/125:_Project_Camelot%27s_War_In_Heaven","125","January 31, 2018","Project Camelot's War In Heaven"
"This is gonna be a weird radio show","https://knowledge-fight.fandom.com/wiki/124:_March_23,_2008","124","January 29, 2018","March 23, 2008"
"I'm psychic, it's a fact","https://knowledge-fight.fandom.com/wiki/120:_January_27,_2016","120","January 17, 2018","January 27, 2016"
"This video is gonna trigger libtards","https://knowledge-fight.fandom.com/wiki/117:_January_8,_2018","117","January 9, 2018","January 8, 2018"
"UFO news was a distraction","https://knowledge-fight.fandom.com/wiki/115:_January_2,_2018","115","January 3, 2018","January 2, 2018"
"I'm dead inside","https://knowledge-fight.fandom.com/wiki/111:_January_21-22,_2016","111","December 11, 2017","January 21-22, 2016"
"Soon I'm gonna take my shirt off","https://knowledge-fight.fandom.com/wiki/113:_February_21-23,_2014","113","December 22, 2017","February 21-23, 2014"
"Jesus loves Satan, kill your children","https://knowledge-fight.fandom.com/wiki/112:_December_15,_2017","112","December 19, 2017","December 15, 2017"
"Marble tablets of Mueller;","https://knowledge-fight.fandom.com/wiki/110:_December_5,_2017","110","December 7, 2017","December 5, 2017"
"I know fake libertarians","https://knowledge-fight.fandom.com/wiki/109:_December_4,_2017","109","December 5, 2017","December 4, 2017"
"I make mistakes","https://knowledge-fight.fandom.com/wiki/107:_December_12,_2014","107","November 29, 2017","December 12, 2014"
"Switchblade noise* Liberal!; I got a Texas flag on my ass","https://knowledge-fight.fandom.com/wiki/106:_Drunk_Special_Report","106","November 27, 2017","Drunk Special Report"
"I can't watch porn... I like pinup girls","https://knowledge-fight.fandom.com/wiki/103:_January_17,_2016","103","November 20, 2017","January 17, 2016"
"I love Eastbound and Down","https://knowledge-fight.fandom.com/wiki/104:_November_20,_2017","104","November 21, 2017","November 20, 2017"
"Nico, I need your help. I'm out of control","https://knowledge-fight.fandom.com/wiki/101:_January_11,_2016","101","November 13, 2017","January 11, 2016"
"When you repeat a lie, that makes you a liar","https://knowledge-fight.fandom.com/wiki/99:_November_1,_2017","99","November 2, 2017","November 1, 2017"
"You're a big ol bucket of rotten milk; Daddy Shark","https://knowledge-fight.fandom.com/wiki/97:_October_25,_2017","97","October 27, 2017","October 25, 2017"
"I renounce Jesus Christ!","https://knowledge-fight.fandom.com/wiki/94:_October_19,_2017","94","October 20, 2017","October 19, 2017"
"Dr Corsi is somewhat popular, but not sexy","https://knowledge-fight.fandom.com/wiki/90:_October_10,_2017","90","October 11, 2017","October 10, 2017"
"When I plug, we're in the black","https://knowledge-fight.fandom.com/wiki/92:_October_13_%26_16,_2017","92","October 17, 2017","October 13 & 16, 2017"
"Someone - Sodomite sent me a bucket of poop","https://knowledge-fight.fandom.com/wiki/89:_December_31,_2015","89","October 9, 2017","December 31, 2015"
"Hitler and Stalin, Complete Studs","https://knowledge-fight.fandom.com/wiki/88:_The_2015_Investigation_Ends","88","October 2, 2017","The 2015 Investigation Ends"
"They will kill for anything, including chocolate","https://knowledge-fight.fandom.com/wiki/87:_Mark_Richards_Revisited","87","September 29, 2017","Mark Richards Revisited"
"This could save the country!","https://knowledge-fight.fandom.com/wiki/86:_September_22,_2017","86","September 25, 2017","September 22, 2017"
"Weatherman!","https://knowledge-fight.fandom.com/wiki/84:_December_21,_2012","84","September 20, 2017","December 21, 2012"
"Raptors will factor in a lot","https://knowledge-fight.fandom.com/wiki/79:_Meet_Captain_Mark_Richards","79","September 1, 2017","Meet Captain Mark Richards"
"Jar Jar Binks has a Caribbean black accent","https://knowledge-fight.fandom.com/wiki/80:_October_16-26,_2015","80","September 5, 2017","October 16-26, 2015"
"UN diplomats lead human slave around on chains; Bernie Sanders impression","https://knowledge-fight.fandom.com/wiki/78:_October_12-15,_2015","78","August 30, 2017","October 12-15, 2015"
"If that's Alzheimer's, I want some","https://knowledge-fight.fandom.com/wiki/77:_August_23,_2017","77","August 25, 2017","August 23, 2017"
"We have our finger on the zeitgeist","https://knowledge-fight.fandom.com/wiki/74:_October_4-6,_2015","74","August 17, 2017","October 4-6, 2015"
"Cut her genitals of with scissors","https://knowledge-fight.fandom.com/wiki/76:_October_7-11,_2015","76","August 23, 2017","October 7-11, 2015"
"1) \"Conservatives are banned! BITCHES!\" - AJ, 2) \"No child should not be allowed to go out and play\" - DJT (paraphrased)","https://knowledge-fight.fandom.com/wiki/73:_August_12,_2017","73","August 14, 2017","August 12, 2017"
"Alex is still mad about Jon Oliver","https://knowledge-fight.fandom.com/wiki/71:_August_4,_2017","71","August 7, 2017","August 4, 2017"
"1) I pray many times a week, not everyday. 2) Alex is American royalty, he's sickeningly Americana.","https://knowledge-fight.fandom.com/wiki/70:_Sep_29-_Oct_3,_2015","70","August 4, 2017","Sep 29- Oct 3, 2015"
"dead babies, souls, demons, and globalists.","https://knowledge-fight.fandom.com/wiki/66:_September_6-17,_2015","66","July 25, 2017","September 6-17, 2015"
"Alex cures his headache by calling the pope a devil worshiper.","https://knowledge-fight.fandom.com/wiki/68:_September_19-28,_2015","68","July 31, 2017","September 19-28, 2015"
"Larry Nichols says that if the information is out, it's because \"they\" want it out.","https://knowledge-fight.fandom.com/wiki/64:_Aug_27-Sep_1,_2015","64","July 17, 2017","Aug 27-Sep 1, 2015"
"Don't put me in memes! Don't do it!","https://knowledge-fight.fandom.com/wiki/61:_July_5,_2017","61","July 6, 2017","July 5, 2017"
"I got me a rock n' roll band!","https://knowledge-fight.fandom.com/wiki/57:_August_12-16,_2015","57","June 25, 2017","August 12-16, 2015"
"I'm liberal, I rule.","https://knowledge-fight.fandom.com/wiki/52:_July_14-21,_2015","52","June 12, 2017","July 14-21, 2015"
"I've never been sued because I watch what I say","https://knowledge-fight.fandom.com/wiki/51:_June_6,_2017","51","June 9, 2017","June 6, 2017"
"I'm doing it because I'm not a wimp","https://knowledge-fight.fandom.com/wiki/48:_May_31,_2017","48","June 1, 2017","May 31, 2017"
"Hillary went to a church for witches.","https://knowledge-fight.fandom.com/wiki/45:_May_25,_2017","45","May 29, 2017","May 25, 2017"
"My neighbors had peacocks, but then owls killed them.","https://knowledge-fight.fandom.com/wiki/46:_June_18,_2015","46","May 30, 2017","June 18, 2015"
"I know the conclusions, but not the nuts and bolts","https://knowledge-fight.fandom.com/wiki/42:_March_11,_2014","42","May 17, 2017","March 11, 2014"
"A baby died, oh, liberal","https://knowledge-fight.fandom.com/wiki/39:_Jack_Posobiec...Ya_Busted","39","May 10, 2017","Jack Posobiec...Ya Busted"
"It isn't that Trump doesn't know how to use technology, he just doesn't trust it.","https://knowledge-fight.fandom.com/wiki/41:_May_12,_2017","41","May 16, 2017","May 12, 2017"
"Get the Paul Joseph Watson shirt, I think it's great for women","https://knowledge-fight.fandom.com/wiki/38:_30_Hour_Marathon_Coverage","38","May 9, 2017","30 Hour Marathon Coverage"
"It's fun to laugh at Alex Jones!","https://knowledge-fight.fandom.com/wiki/35:_Custody_Press_Conference","35","May 1, 2017","Custody Press Conference"
"Being right more often than everyone else is being a conspiracy theorist","https://knowledge-fight.fandom.com/wiki/36:_June_29,_2015","36","May 3, 2017","June 29, 2015"
"I will win or I will die.","https://knowledge-fight.fandom.com/wiki/34:_April_25,_2017","34","April 28, 2017","April 25, 2017"
"I can't listen to myself; They call me the meme machine","https://knowledge-fight.fandom.com/wiki/30:_April_14,_2017","30","April 17, 2017","April 14, 2017"
"Getting directives BABY, from George-Frikken-Washington","https://knowledge-fight.fandom.com/wiki/26:_March_30_(Special_Report)","26","April 3, 2017","March 30 (Special Report)"
"In the white house, they call me, \"The Texan\"","https://knowledge-fight.fandom.com/wiki/27:_March_31,_2017","27","April 5, 2017","March 31, 2017"
"Does anyone believe that Trump has fallen from 56 to 37 in the national poll?","https://knowledge-fight.fandom.com/wiki/25:_Dennis_Montgomery_Investigation","25","March 28, 2017","Dennis Montgomery Investigation"
"I am the anti-shrunken","https://knowledge-fight.fandom.com/wiki/23:_March_16-17,_2017","23","March 20, 2017","March 16-17, 2017"
"Now here's the big enchilada","https://knowledge-fight.fandom.com/wiki/20:_March_6_%26_Celebrity_Cameos","20","March 13, 2017","March 6 & Celebrity Cameos"
"Globalists are super uncool; I hate stupid liberals","https://knowledge-fight.fandom.com/wiki/19:_March_3,_2017","19","March 6, 2017","March 3, 2017"
"Sounds like pedophilia to me, brah","https://knowledge-fight.fandom.com/wiki/16:_February_24,_2017","16","February 27, 2017","February 24, 2017"
"This is my secret place; Horses are psychic","https://knowledge-fight.fandom.com/wiki/388:_January_12-13,_2020","388","January 15, 2020","January 12-13, 2020"
"Start of I'm Alex Jones, this is 2020","https://knowledge-fight.fandom.com/wiki/384:_January_3,_2020","384","January 6, 2020","January 3, 2020"
"Of course we're violent, we're maniacs; I'm being a whiny bitch","https://knowledge-fight.fandom.com/wiki/382:_December_23-27,_2019","382","December 30, 2019","December 23-27, 2019"
"I respect you","https://knowledge-fight.fandom.com/wiki/380:_December_19-20,_2019","380","December 23, 2019","December 19-20, 2019"
"Merry Christmas from InfoWars","https://knowledge-fight.fandom.com/wiki/379:_December_13-16,_2019","379","December 18, 2019","December 13-16, 2019"
"I was in court once, they asked me what TikTok is","https://knowledge-fight.fandom.com/wiki/370:_November_14-15,_2019","370","November 18, 2019","November 14-15, 2019"
"Pointless Rob Dew factoid","https://knowledge-fight.fandom.com/wiki/372:_November_20-21,_2019","372","November 22, 2019","November 20-21, 2019"
"I've been tricked into Satanic rituals twice","https://knowledge-fight.fandom.com/wiki/366:_November_5-6,_2019","366","November 8, 2019","November 5-6, 2019"
"In the case of the Merman","https://knowledge-fight.fandom.com/wiki/362:_There_Is_No_Mermaid","362","October 30, 2019","There Is No Mermaid"
"I own a chainsaw","https://knowledge-fight.fandom.com/wiki/360:_October_23,_2019","360","October 25, 2019","October 23, 2019"
"I kinda like Trump's butt now","https://knowledge-fight.fandom.com/wiki/357:_October_16,_2019","357","October 18, 2019","October 16, 2019"
"Who ya gonna call when you go to war with ET?","https://knowledge-fight.fandom.com/wiki/353:_Mark_Richards_Pt._11","353","October 9, 2019","Mark Richards Pt. 11"
"If we went to WalMart and bought a solar panel, we could stop the Green New Deal","https://knowledge-fight.fandom.com/wiki/351:_Jordan_Takes_The_Wheel_2","351","October 4, 2019","Jordan Takes The Wheel 2"
"Piss on Satan","https://knowledge-fight.fandom.com/wiki/350:_September_29-30,_2019","350","October 2, 2019","September 29-30, 2019"
"This country is soft, stupid, and weak","https://knowledge-fight.fandom.com/wiki/348:_September_24-25,_2019","348","September 27, 2019","September 24-25, 2019"
"I was 2 bottles of tequila in, metaphysically","https://knowledge-fight.fandom.com/wiki/345:_September_19,_2019","345","September 20, 2019","September 19, 2019"
"Pewdiepie just cucked the ADL","https://knowledge-fight.fandom.com/wiki/343:_April_3-8,_2013","343","September 16, 2019","April 3-8, 2013"
"Let's become metrosexual! I'm joking!; I have so much news, I can't even cover it","https://knowledge-fight.fandom.com/wiki/342:_September_6-11,_2019","342","September 13, 2019","September 6-11, 2019"
"Hangin' with the devil scat","https://knowledge-fight.fandom.com/wiki/335:_March_15-22,_2013","335","August 25, 2019","March 15-22, 2013"
"Where are you getting this information and why do you think it means anything?","https://knowledge-fight.fandom.com/wiki/332:_Anunnaki_Stasis_and_Emerald_Treaties","332","August 14, 2019","Anunnaki Stasis and Emerald Treaties"
"I have no guilt; They literally attack our testicles","https://knowledge-fight.fandom.com/wiki/331:_March_13-14,_2013","331","August 12, 2019","March 13-14, 2013"
"My religion is facts","https://knowledge-fight.fandom.com/wiki/321:_February_24-26,_2013","321","July 15, 2019","February 24-26, 2013"
"Alex mouth guitar","https://knowledge-fight.fandom.com/wiki/323:_July_19,_2019","323","July 22, 2019","July 19, 2019"
"Little dog wants you dead. Big dog gotta be big dog.","https://knowledge-fight.fandom.com/wiki/315:_February_17-18,_2013","315","July 1, 2019","February 17-18, 2013"
"They're gonna fry you like a poached egg","https://knowledge-fight.fandom.com/wiki/313:_June_23-24,_2019","313","June 26, 2019","June 23-24, 2019"
"Now TV's watch you","https://knowledge-fight.fandom.com/wiki/311:_June_17-19,_2019","311","June 21, 2019","June 17-19, 2019"
"I love my daughters more than my son","https://knowledge-fight.fandom.com/wiki/309:_June_10-11,_2019","309","June 14, 2019","June 10-11, 2019"
"I was back in the coffee room... where somebody bought donuts and I just inhaled two of them... STOP IT... even though I appreciate it","https://knowledge-fight.fandom.com/wiki/304:_May_30-31,_2019","304","June 3, 2019","May 30-31, 2019"
"I am the pirhana of liberty","https://knowledge-fight.fandom.com/wiki/303:_January_29-31,_2013","303","May 31, 2019","January 29-31, 2013"
"Pearl Harbor was a false fucking flag","https://knowledge-fight.fandom.com/wiki/302:_Discernment_Overload","302","May 29, 2019","Discernment Overload"
"My broadcast is a college for people who want to do bad things","https://knowledge-fight.fandom.com/wiki/301:_January_24-28,_2013","301","May 27, 2019","January 24-28, 2013"
"If you got allergies, be happy","https://knowledge-fight.fandom.com/wiki/300:_May_21-22,_2019","300","May 24, 2019","May 21-22, 2019"
"I pee in my back yard","https://knowledge-fight.fandom.com/wiki/298:_January_20-23,_2013","298","May 20, 2019","January 20-23, 2013"
"Obama is not my father, I'm my father","https://knowledge-fight.fandom.com/wiki/297:_January_17-18,_2013","297","May 17, 2019","January 17-18, 2013"
"I'm God!","https://knowledge-fight.fandom.com/wiki/294:_January_15-16,_2013","294","May 10, 2019","January 15-16, 2013"
"Fish oil is liquid energy","https://knowledge-fight.fandom.com/wiki/293:_May_2-3,_2019","293","May 6, 2019","May 2-3, 2019"
"That's what feminism is","https://knowledge-fight.fandom.com/wiki/292:_January_14,_2013","292","May 3, 2019","January 14, 2013"
"Complete Creepville; I know Gary Busey; I don't want to be here","https://knowledge-fight.fandom.com/wiki/289:_January_10-13,_2013","289","April 26, 2019","January 10-13, 2013"
"I don't like scammers; I really like Jon Rappoport","https://knowledge-fight.fandom.com/wiki/288:_January_7-9,_2013","288","April 24, 2019","January 7-9, 2013"
"You won't take our guns, Russia!","https://knowledge-fight.fandom.com/wiki/283:_January_4-6,_2013","283","April 12, 2019","January 4-6, 2013"
"Clones are not reliable","https://knowledge-fight.fandom.com/wiki/280:_Raptor_Weddings_and_Sardinian_Spiders","280","April 5, 2019","Raptor Weddings and Sardinian Spiders"
"I talked to the FBI hostage rescue team in Vegas","https://knowledge-fight.fandom.com/wiki/279:_Formulaic_Objections","279","April 3, 2019","Formulaic Objections"
"I Use White Propaganda","https://knowledge-fight.fandom.com/wiki/278:_January_3,_2013","278","March 22, 2019","January 3, 2013"
"Alex: Liberal with a foot long dick; Paul: It's a car crash of a show","https://knowledge-fight.fandom.com/wiki/274:_Ask_Alex_Anything","274","March 8, 2019","Ask Alex Anything"
"Tommy Robinson is a modern day Moses","https://knowledge-fight.fandom.com/wiki/273:_March_5-6,_2019","273","March 8, 2019","March 5-6, 2019"
"We're in a pickle","https://knowledge-fight.fandom.com/wiki/272:_December_20,_2012","272","March 6, 2019","December 20, 2012"
"You don't have to take vaccines, you can hit your children","https://knowledge-fight.fandom.com/wiki/265:_September_1,_2011","265","February 18, 2019","September 1, 2011"
"Is Mars getting cooler?","https://knowledge-fight.fandom.com/wiki/263:_Jordan_Takes_The_Wheel","263","February 13, 2019","Jordan Takes The Wheel"
"Jeff Bezos, richest man in the world-NOT!","https://knowledge-fight.fandom.com/wiki/261:_February_5-6,_2019","261","February 8, 2019","February 5-6, 2019"
"Putting aliens on a pedistal is a problem","https://knowledge-fight.fandom.com/wiki/260:_Aliens_Need_Editors","260","February 2, 2019","Aliens Need Editors"
"I really have never been wrong","https://knowledge-fight.fandom.com/wiki/258:_April_12-13,_2009","258","January 30, 2019","April 12-13, 2009"
"Have you ever heard Roger tell a lie?","https://knowledge-fight.fandom.com/wiki/257:_January_25,_2019","257","January 28, 2019","January 25, 2019"
"I'm not Destro, I'm Captain America","https://knowledge-fight.fandom.com/wiki/256:_January_17-23,_2019","256","January 25, 2019","January 17-23, 2019"
"Trump likes tacos, Obama likes weiners","https://knowledge-fight.fandom.com/wiki/253:_January_15,_2019","253","January 17, 2019","January 15, 2019"
"Imagine you have homework that never ends; Do you have any respect for me?","https://knowledge-fight.fandom.com/wiki/252:_April_7-8,_2009","252","January 15, 2019","April 7-8, 2009"
"Gavin Newsom is the devil","https://knowledge-fight.fandom.com/wiki/251:_January_8,_2019","251","January 11, 2019","January 8, 2019"
"We ain't making money off that heroin","https://knowledge-fight.fandom.com/wiki/248:_January_2,_2019","248","January 4, 2019","January 2, 2019"
"Most of what I see on the internet is speculation and rumor","https://knowledge-fight.fandom.com/wiki/246:_April_5-6,_2009","246","December 31, 2018","April 5-6, 2009"
"I'm not manly like you","https://knowledge-fight.fandom.com/wiki/244:_October_5,_2014","244","December 26, 2018","October 5, 2014"
"How you pimp so good?","https://knowledge-fight.fandom.com/wiki/236:_December_4-5,_2018","236","December 7, 2018","December 4-5, 2018"
"I go to the library to pull quotes","https://knowledge-fight.fandom.com/wiki/234:_March_26,_2009","234","December 3, 2018","March 26, 2009"
"I am now a 9/11 truther!","https://knowledge-fight.fandom.com/wiki/232:_Reverend_Manning","232","November 28, 2018","Reverend Manning"
"You started out as an Illuminati Sex Slave","https://knowledge-fight.fandom.com/wiki/229:_Mars_Germans_and_Moon_Leases","229","November 14, 2018","Mars Germans and Moon Leases"
"I am an animal, I am vicious!","https://knowledge-fight.fandom.com/wiki/224:_March_20,_2009","224","November 2, 2018","March 20, 2009"
"I appreciate this information, but this sounds outlandish","https://knowledge-fight.fandom.com/wiki/223:_A_Progressive_Space_Diplomat","223","October 31, 2018","A Progressive Space Diplomat"
"I dreamed all night about Trump","https://knowledge-fight.fandom.com/wiki/220:_October_23,_2018","220","October 24, 2018","October 23, 2018"
"Gold Digger","https://knowledge-fight.fandom.com/wiki/218:_October_17,_2018","218","October 19, 2018","October 17, 2018"
"You sound credible, but your name is Shoe On Head","https://knowledge-fight.fandom.com/wiki/215:_March_11-12,_2009","215","October 12, 2018","March 11-12, 2009"
"In what world do you want what someone else has?","https://knowledge-fight.fandom.com/wiki/214:_Cruel_Parallels","214","October 10, 2018","Cruel Parallels"
"I don't know what's going on","https://knowledge-fight.fandom.com/wiki/213:_October_2,_2018","213","October 4, 2018","October 2, 2018"
"You could say I'm the head of the Illuminati","https://knowledge-fight.fandom.com/wiki/209:_Drunk_Hotel_Interview","209","September 24, 2018","Drunk Hotel Interview"
"I have remote viewed the moon","https://knowledge-fight.fandom.com/wiki/207:_Bus_Station_Photography_and_The_Magic_of_Zoom","207","September 19, 2018","Bus Station Photography and The Magic of Zoom"
"My neck is freakishly large","https://knowledge-fight.fandom.com/wiki/205:_September_13,_2018","205","September 14, 2018","September 13, 2018"
"I do intent to adopt little brown babies","https://knowledge-fight.fandom.com/wiki/203:_March_2-4,_2009","203","September 10, 2018","March 2-4, 2009"
"I'm Superbad! Roger Stone is in the house","https://knowledge-fight.fandom.com/wiki/202:_September_4-6,_2018","202","September 7, 2018","September 4-6, 2018"
"I'm OK with going to jail","https://knowledge-fight.fandom.com/wiki/201:_A_New_Messiah_and_The_Plunger_Toss","201","September 5, 2018","A New Messiah and The Plunger Toss"
"What does Speedy Gonzales say?","https://knowledge-fight.fandom.com/wiki/199:_August_29,_2018","199","August 31, 2018","August 29, 2018"
"Full Tilt Boogie","https://knowledge-fight.fandom.com/wiki/198:_July_22,_2011","198","August 27, 2018","July 22, 2011"
"Angry Sales Pitch","https://knowledge-fight.fandom.com/wiki/196:_August_21,_2018","196","August 22, 2018","August 21, 2018"
"How's your 401K?","https://knowledge-fight.fandom.com/wiki/194:_February_22-24,_2009","194","August 17, 2018","February 22-24, 2009"
"I don't attack people because it's god's plan to attack them","https://knowledge-fight.fandom.com/wiki/585:_August_8,_2021","585","August 11, 2021","August 8, 2021"
"The human implementation of Christianity has been deeply flawed *Moonlight Sonata*; I'm heterosexual and I like my wife but...","https://knowledge-fight.fandom.com/wiki/584:_August_5,_2021","584","August 9, 2021","August 5, 2021"
"I got into Satan's mind, thanks to god","https://knowledge-fight.fandom.com/wiki/580:_July_20-21,_2021","580","July 22, 2021","July 20-21, 2021"
"Ah, the good ol' days, ZZ Top, haw haw haw haw","https://knowledge-fight.fandom.com/wiki/577:_July_13,_2021","577","July 16, 2021","July 13, 2021"
"No grandchildren for you","https://knowledge-fight.fandom.com/wiki/574:_May_28-29,_2003","574","July 7, 2021","May 28-29, 2003"
"Bird is the word...Mao Mao Mao","https://knowledge-fight.fandom.com/wiki/573:_July_1,_2021","573","July 5, 2021","July 1, 2021"
"Growling*","https://knowledge-fight.fandom.com/wiki/570:_June_24,_2021","570","June 28, 2021","June 24, 2021"
"I want some of that Joe Rogan weed; You have a beautiful vagina","https://knowledge-fight.fandom.com/wiki/569:_June_23,_2021","569","June 25, 2021","June 23, 2021"
"I would never say if I die, start a civil war","https://knowledge-fight.fandom.com/wiki/567:_June_13,_2021","567","June 18, 2021","June 13, 2021"
"My testicles are superstars","https://knowledge-fight.fandom.com/wiki/565:_June_10,_2021","565","June 14, 2021","June 10, 2021"
"Man, that was a good show! Didn't cover all of the news, but...","https://knowledge-fight.fandom.com/wiki/564:_May_15-20,_2003","564","June 11, 2021","May 15-20, 2003"
"Fake Laughing","https://knowledge-fight.fandom.com/wiki/562:_May_27,_2021","562","June 4, 2021","May 27, 2021"
"Alex or Bill Clinton; You ever see the artwork in the Denver airport?; Valedictorians today don't hold a candle to my father","https://knowledge-fight.fandom.com/wiki/558:_May_8-9,_2003","558","May 17, 2021","May 8-9, 2003"
"Shutup, Jones","https://knowledge-fight.fandom.com/wiki/556:_May_6-7,_2021","556","May 10, 2021","May 6-7, 2021"
"And now, here come the sex robots; I know major cattlemen","https://knowledge-fight.fandom.com/wiki/553:_April_26-27,_2021","553","April 30, 2021","April 26-27, 2021"
"Yes, I'm a maniac","https://knowledge-fight.fandom.com/wiki/552:_May_6,_2003","552","April 26, 2021","May 6, 2003"
"Burn in hell, CIA!","https://knowledge-fight.fandom.com/wiki/551:_April_20-21,_2021","551","April 23, 2021","April 20-21, 2021"
"Kids are being arrested for stepping in water puddles","https://knowledge-fight.fandom.com/wiki/548:_May_5,_2003","548","April 14, 2021","May 5, 2003"
"Is anyone the bad guys in Ukraine? It's like the half-cocks and McCoys","https://knowledge-fight.fandom.com/wiki/547:_April_8,_2021","547","April 9, 2021","April 8, 2021"
"The devil ain't cool, he don't get you the hot cheerleaders","https://knowledge-fight.fandom.com/wiki/546:_April_1-3,_2021","546","April 5, 2021","April 1-3, 2021"
"What do you think about them apples?","https://knowledge-fight.fandom.com/wiki/544:_May_1,_2003","544","March 29, 2021","May 1, 2003"
"Sometimes you gotta hit a mule in the head with a 2x4","https://knowledge-fight.fandom.com/wiki/545:_March_30-31,_2021","545","April 2, 2021","March 30-31, 2021"
"Plastic fruit is fake","https://knowledge-fight.fandom.com/wiki/543:_March_23-24,_2021","543","March 26, 2021","March 23-24, 2021"
"Lawyers are the reason China is going to nuke us","https://knowledge-fight.fandom.com/wiki/534:_February_19,_2021","534","February 22, 2021","February 19, 2021"
"This is the ultimate blackpill episode; You gotta wash that ass","https://knowledge-fight.fandom.com/wiki/533:_February_17,_2021","533","February 19, 2021","February 17, 2021"
"Dogs understand property rights","https://knowledge-fight.fandom.com/wiki/532:_February_15,_2021","532","February 17, 2021","February 15, 2021"
"Here's the video of the granny being thrown off the cliff","https://knowledge-fight.fandom.com/wiki/531:_February_14,_2021","531","February 15, 2021","February 14, 2021"
"Xi Jinping is up my ass","https://knowledge-fight.fandom.com/wiki/530:_February_10-11,_2021","530","February 12, 2021","February 10-11, 2021"
"Burn in hell, Bruce Springsteen","https://knowledge-fight.fandom.com/wiki/529:_February_8,_2021","529","February 10, 2021","February 8, 2021"
"People say this is weird. This is NORMAL!","https://knowledge-fight.fandom.com/wiki/528:_2021_Super_Bowl_Commercial_Spectacular","528","February 8, 2021","2021 Super Bowl Commercial Spectacular"
"Burn in hell, Nietzsche and Biden!","https://knowledge-fight.fandom.com/wiki/526:_January_28-31,_2021","526","February 1, 2021","January 28-31, 2021"
"demon noises*","https://knowledge-fight.fandom.com/wiki/523:_January_18-19,_2021","523","January 22, 2021","January 18-19, 2021"
"I'm just a little plant","https://knowledge-fight.fandom.com/wiki/520:_January_12-13,_2021","520","January 15, 2021","January 12-13, 2021"
"I'm going to explain that in the next segment... maybe","https://knowledge-fight.fandom.com/wiki/518:_January_7-8,_2021","518","January 11, 2021","January 7-8, 2021"
"God creates the oceans, oceans create the waves","https://knowledge-fight.fandom.com/wiki/517:_January_5-6,_2021","517","January 8, 2021","January 5-6, 2021"
"Covid Sharia","https://knowledge-fight.fandom.com/wiki/516:_December_31,_2020-_January_1,_2021","516","January 4, 2021","December 31, 2020- January 1, 2021"
"Gotta scare the living hell out of your kids; Caller: The covid shot is going to kill you, not turn you into a cyborg","https://knowledge-fight.fandom.com/wiki/513:_December_18,_2020","513","December 21, 2020","December 18, 2020"
"My job is as tough as being the president","https://knowledge-fight.fandom.com/wiki/512:_December_16-17,_2020","512","December 18, 2020","December 16-17, 2020"
"Here's Admiral Ackbar","https://knowledge-fight.fandom.com/wiki/509:_December_3-4,_2020","509","December 7, 2020","December 3-4, 2020"
"Not a smurf, a serf; You get 5 Hitler mustaches","https://knowledge-fight.fandom.com/wiki/506:_November_22-24,_2020","506","November 26, 2020","November 22-24, 2020"
"God acts through math","https://knowledge-fight.fandom.com/wiki/504:_November_16-17,_2020","504","November 20, 2020","November 16-17, 2020"
"As a Christian, I can't kill you just because you're stupid; This is the most historical period of time since Jesus","https://knowledge-fight.fandom.com/wiki/503:_Dan%27s_Cara-Vanity_Project_Part_2","503","November 16, 2020","Dan's Cara-Vanity Project Part 2"
"I am the president!","https://knowledge-fight.fandom.com/wiki/502:_Dan%27s_Cara-Vanity_Project_Part_1","502","November 13, 2020","Dan's Cara-Vanity Project Part 1"
"It's cool to watch celebrities dance","https://knowledge-fight.fandom.com/wiki/501:_November_7-8,_2020","501","November 11, 2020","November 7-8, 2020"
"Biden is not serious","https://knowledge-fight.fandom.com/wiki/499:_Jordan_Takes_The_Wheel_5","499","November 6, 2020","Jordan Takes The Wheel 5"
"Fuck Michael Bloomberg!; I'm walking the dog, you son of a bitch!","https://knowledge-fight.fandom.com/wiki/498:_November_7,_2016","498","November 2, 2020","November 7, 2016"
"You wanna know why I'm so crazy? No!","https://knowledge-fight.fandom.com/wiki/497:_Third_Try%27s_A_Charm","497","October 30, 2020","Third Try's A Charm"
"Dead cats are not the military","https://knowledge-fight.fandom.com/wiki/488:_The_First_Debate_Spectacular","488","October 2, 2020","The First Debate Spectacular"
"I've been scammed","https://knowledge-fight.fandom.com/wiki/487:_September_28,_2020","487","September 30, 2020","September 28, 2020"
"This is a broadcast for serious people","https://knowledge-fight.fandom.com/wiki/486:_September_27,_2020","486","September 28, 2020","September 27, 2020"
"The left loves the supreme court; Hitler was very accomplished","https://knowledge-fight.fandom.com/wiki/484:_September_18-19,_2020","484","September 21, 2020","September 18-19, 2020"
"Demoblimps and Reblublicans; I don't want to hear about Ron Paul ever again","https://knowledge-fight.fandom.com/wiki/481:_September_13,_2012","481","September 14, 2020","September 13, 2012"
"I have a very good resonator","https://knowledge-fight.fandom.com/wiki/479:_The_Devil_Went_Down_To_Kiev","479","September 9, 2020","The Devil Went Down To Kiev"
"Being a \"libertarian\", fiscally, economically, was the dumbest thing I ever did","https://knowledge-fight.fandom.com/wiki/477:_September_3,_2020","477","September 4, 2020","September 3, 2020"
"I want Steve Pieczenik to do an hour on his mother","https://knowledge-fight.fandom.com/wiki/474:_June_6,_2016","474","August 26, 2020","June 6, 2016"
"Cherry pie don't come out that ass","https://knowledge-fight.fandom.com/wiki/473:_August_20-21,_2020","473","August 24, 2020","August 20-21, 2020"
"Shadowgate is the gate of all gates","https://knowledge-fight.fandom.com/wiki/471:_August_14-16,_2020","471","August 19, 2020","August 14-16, 2020"
"I made a t-shirt: This honkey ain't voiting for no donkey","https://knowledge-fight.fandom.com/wiki/465:_August_3-4,_2020","465","August 5, 2020","August 3-4, 2020"
"Roger Stone uses a slur on a radion interview","https://knowledge-fight.fandom.com/wiki/459:_July_17,_2020","459","July 22, 2020","July 17, 2020"
"I was on the fence about devil worship","https://knowledge-fight.fandom.com/wiki/457:_July_12-13,_2020","457","July 15, 2020","July 12-13, 2020"
"These people literally want to take your kids and beat their brains out. You're lucky if they don't eat them","https://knowledge-fight.fandom.com/wiki/455:_July_7-8,_2020","455","July 10, 2020","July 7-8, 2020"
"When TSA plays Ping Pong with your juevos, that's tyranny","https://knowledge-fight.fandom.com/wiki/454:_December_17,_2013","454","July 8, 2020","December 17, 2013"
"It would be handy if Roger Stone died in a prison","https://knowledge-fight.fandom.com/wiki/452:_Jordan_Takes_The_Wheel_4","452","July 3, 2020","Jordan Takes The Wheel 4"
"I feel empty and pathetic","https://knowledge-fight.fandom.com/wiki/451:_June_29-30,_2020","451","July 1, 2020","June 29-30, 2020"
"I wanna depopulate you","https://knowledge-fight.fandom.com/wiki/450:_June_25-26,_2020","450","June 29, 2020","June 25-26, 2020"
"Yes, I did just legdrop Alex from the top of the news desk","https://knowledge-fight.fandom.com/wiki/446:_The_Super_Alpha_Male_Championship","446","June 19, 2020","The Super Alpha Male Championship"
"Imagine being in an orgy with John Bolton, trying to get a hardon","https://knowledge-fight.fandom.com/wiki/445:_June_12,_2020","445","June 15, 2020","June 12, 2020"
"You're not sticking your metal penis in me!","https://knowledge-fight.fandom.com/wiki/435:_May_18-21,_2020","435","May 22, 2020","May 18-21, 2020"
"We all prayed for Rush Limbaugh","https://knowledge-fight.fandom.com/wiki/433:_May_12-13,_2020","433","May 15, 2020","May 12-13, 2020"
"That's Pinky and The Brain","https://knowledge-fight.fandom.com/wiki/432:_May_10-11,_2020","432","May 13, 2020","May 10-11, 2020"
"Satanists recruited me for the sex","https://knowledge-fight.fandom.com/wiki/428:_May_1,_2020","428","May 4, 2020","May 1, 2020"
"The New World Order sucks","https://knowledge-fight.fandom.com/wiki/425:_April_23-24,_2020","425","April 27, 2020","April 23-24, 2020"
"Black Market Hair cut","https://knowledge-fight.fandom.com/wiki/423:_April_20,_2020","423","April 22, 2020","April 20, 2020"
"They're coming for your balls","https://knowledge-fight.fandom.com/wiki/424:_April_21-22,_2020","424","April 24, 2020","April 21-22, 2020"
"The pope needs Donald Trump's forgiveness","https://knowledge-fight.fandom.com/wiki/411:_Jordan_Takes_The_Wheel_3","411","March 25, 2020","Jordan Takes The Wheel 3"
"Alex can't say Real Red Pill Plus","https://knowledge-fight.fandom.com/wiki/413:_March_27,_2020","413","March 30, 2020","March 27, 2020"
"Cuban women will have sex with you for $2","https://knowledge-fight.fandom.com/wiki/410:_March_19-20,_2020","410","March 23, 2020","March 19-20, 2020"
"I meant to start this show with a homeless man eating poop","https://knowledge-fight.fandom.com/wiki/407:_March_5-10,_2020","407","March 11, 2020","March 5-10, 2020"
"Why you talking about cheeseburgers?; Chimpanzees can rip a person's face off. What person can do that?","https://knowledge-fight.fandom.com/wiki/406:_March_1-4,_2020","406","March 9, 2020","March 1-4, 2020"
"I piss all over your god. I piss all over the city","https://knowledge-fight.fandom.com/wiki/398:_February_9-10,_2020","398","February 12, 2020","February 9-10, 2020"
"Trump should fire everyone who isn't loyal","https://knowledge-fight.fandom.com/wiki/399:_February_12-14,_2020","399","February 17, 2020","February 12-14, 2020"
"Very few people crap in the pool","https://knowledge-fight.fandom.com/wiki/397:_February_7-8,_2020","397","February 10, 2020","February 7-8, 2020"
"It's over for humanity","https://knowledge-fight.fandom.com/wiki/392:_January_24,_2020","392","January 27, 2020","January 24, 2020"
"Atrazine gives your son a small johnson","https://knowledge-fight.fandom.com/wiki/391:_January_22,_2020","391","January 24, 2020","January 22, 2020"
"Put I am awake on my tombstone","https://knowledge-fight.fandom.com/wiki/389:_January_15-17,_2020","389","January 20, 2020","January 15-17, 2020"
"Just so happens that, uh, I look like a potato right now.","https://knowledge-fight.fandom.com/wiki/730:_August_12,_2003","730","September 30, 2022","August 12, 2003"
"I'd like to thank Mr Blood","https://knowledge-fight.fandom.com/wiki/655:_July_18,_2003","655","March 4, 2022","July 18, 2003"
"Leo Zagami is way underrated","https://knowledge-fight.fandom.com/wiki/653:_February_25,_2022","653","February 28, 2022","February 25, 2022"
"It's on like Donkey Kong","https://knowledge-fight.fandom.com/wiki/649:_February_14,_2022","649","February 16, 2022","February 14, 2022"
"Play this song to foxes, eagles, and parrots","https://knowledge-fight.fandom.com/wiki/644:_February_2,_2022","644","February 4, 2022","February 2, 2022"
"I've had my identity stolen just a little bit","https://knowledge-fight.fandom.com/wiki/645:_November_4,_2014","645","February 7, 2022","November 4, 2014"
"Jar Jar Binks? Don't know him","https://knowledge-fight.fandom.com/wiki/641:_Formulaic_Objections_Part_4","641","January 26, 2022","Formulaic Objections Part 4"
"Gwe-gwe, binky, and baba","https://knowledge-fight.fandom.com/wiki/639:_January_17,_2022","639","January 21, 2022","January 17, 2022"
"Set the record straight, Ted Nugent, on January 6","https://knowledge-fight.fandom.com/wiki/635:_January_6-7,_2022","635","January 10, 2022","January 6-7, 2022"
"I'm not on cocaine; All art is true","https://knowledge-fight.fandom.com/wiki/633:_December_30,_2021","633","January 3, 2022","December 30, 2021"
"Let it be said on my tombstone that I am part of Team Human","https://knowledge-fight.fandom.com/wiki/632:_Christmas_Message_and_More","632","December 31, 2021","Christmas Message and More"
"I could pull someone's head off through love","https://knowledge-fight.fandom.com/wiki/624:_November_30,_2021","624","December 8, 2021","November 30, 2021"
"It's Hades on earth, thanks for the call","https://knowledge-fight.fandom.com/wiki/623:_July_2-3,_2003","623","December 2, 2021","July 2-3, 2003"
"I'm the devil! Bububububububu","https://knowledge-fight.fandom.com/wiki/619:_November_16,_2021","619","November 22, 2021","November 16, 2021"
"1998: I will likely die in the next 5 years","https://knowledge-fight.fandom.com/wiki/618:_November_15,_2021","618","November 17, 2021","November 15, 2021"
"Terry Bradshaw is a loser","https://knowledge-fight.fandom.com/wiki/616:_November_9,_2021","616","November 12, 2021","November 9, 2021"
"Barney, you're on the air","https://knowledge-fight.fandom.com/wiki/613:_June_24-25,_2003","613","November 5, 2021","June 24-25, 2003"
"Heil Hitler","https://knowledge-fight.fandom.com/wiki/612:_October_31,_2021","612","November 3, 2021","October 31, 2021"
"You're a traitor, Dan","https://knowledge-fight.fandom.com/wiki/610:_June_23,_2003","610","October 29, 2021","June 23, 2003"
"Christ is the groom, we are the bride; I'm not saying you should kill your family","https://knowledge-fight.fandom.com/wiki/609:_October_20,_2021","609","October 25, 2021","October 20, 2021"
"Setting yourself on fire is not a good thing to do; Dan in Illinois, you're on the air","https://knowledge-fight.fandom.com/wiki/606:_June_18-19,_2003","606","October 15, 2021","June 18-19, 2003"
"I'm designed to make love; Jack Sprat... l butchered that","https://knowledge-fight.fandom.com/wiki/604:_October_5,_2021","604","October 11, 2021","October 5, 2021"
"Alex explains why he does an evil voice","https://knowledge-fight.fandom.com/wiki/599:_June_13,_2003","599","September 24, 2021","June 13, 2003"
"This is in part how Atlantis was sunk","https://knowledge-fight.fandom.com/wiki/595:_Boulder_Missiles_and_Gettysburg_Nukes","595","September 13, 2021","Boulder Missiles and Gettysburg Nukes"
"List of people who aren't stupid","https://knowledge-fight.fandom.com/wiki/594:_September_7,_2021","594","September 9, 2021","September 7, 2021"
"Oops!","https://knowledge-fight.fandom.com/wiki/593:_September_2,_2021","593","September 6, 2021","September 2, 2021"
"Send in the clowns* Jose in Florida, you're on","https://knowledge-fight.fandom.com/wiki/589:_August_18-20,_2021","589","August 23, 2021","August 18-20, 2021"
"I am farting for my life","https://knowledge-fight.fandom.com/wiki/587:_August_14,_2021","587","August 18, 2021","August 14, 2021"
